channelName,details
#familydrama,"{'NoOfUsers': 141, 'description': 'just for practice part 1'}"
#chillarparty,"{'NoOfUsers': 67, 'description': 'just for practice part 2'}"
#Lorem,"{'NoOfUsers': 100, 'description': 'Lorem ipsum dolor sit amet consectetur adipisicing elit. Voluptatum expedita accusamus quidem, consequatur culpa amet dolor obcaecati provident incidunt explicabo iure, aut voluptate dicta architecto ratione enim officia? Aspernatur officia ea laborum quaerat commodi quae, sequi veritatis alias eligendi architecto saepe id impedit. Dignissimos fugit itaque id animi, incidunt dolorem!'}"
#ipsum,"{'NoOfUsers': 101, 'description': 'Lorem ipsum dolor sit amet consectetur adipisicing elit. Voluptatum expedita accusamus quidem, consequatur culpa amet dolor obcaecati provident incidunt explicabo iure, aut voluptate dicta architecto ratione enim officia? Aspernatur officia ea laborum quaerat commodi quae, sequi veritatis alias eligendi architecto saepe id impedit. Dignissimos fugit itaque id animi, incidunt dolorem!'}"
#dolor,"{'NoOfUsers': 101, 'description': 'Lorem ipsum dolor sit amet consectetur adipisicing elit. Voluptatum expedita accusamus quidem, consequatur culpa amet dolor obcaecati provident incidunt explicabo iure, aut voluptate dicta architecto ratione enim officia? Aspernatur officia ea laborum quaerat commodi quae, sequi veritatis alias eligendi architecto saepe id impedit. Dignissimos fugit itaque id animi, incidunt dolorem!'}"
#sit,"{'NoOfUsers': 100, 'description': 'Lorem ipsum dolor sit amet consectetur adipisicing elit. Voluptatum expedita accusamus quidem, consequatur culpa amet dolor obcaecati provident incidunt explicabo iure, aut voluptate dicta architecto ratione enim officia? Aspernatur officia ea laborum quaerat commodi quae, sequi veritatis alias eligendi architecto saepe id impedit. Dignissimos fugit itaque id animi, incidunt dolorem!'}"
#amet,"{'NoOfUsers': 101, 'description': 'Lorem ipsum dolor sit amet consectetur adipisicing elit. Voluptatum expedita accusamus quidem, consequatur culpa amet dolor obcaecati provident incidunt explicabo iure, aut voluptate dicta architecto ratione enim officia? Aspernatur officia ea laborum quaerat commodi quae, sequi veritatis alias eligendi architecto saepe id impedit. Dignissimos fugit itaque id animi, incidunt dolorem!'}"
#consectetur,"{'NoOfUsers': 100, 'description': 'Lorem ipsum dolor sit amet consectetur adipisicing elit. Voluptatum expedita accusamus quidem, consequatur culpa amet dolor obcaecati provident incidunt explicabo iure, aut voluptate dicta architecto ratione enim officia? Aspernatur officia ea laborum quaerat commodi quae, sequi veritatis alias eligendi architecto saepe id impedit. Dignissimos fugit itaque id animi, incidunt dolorem!'}"
#adipisicing,"{'NoOfUsers': 100, 'description': 'Lorem ipsum dolor sit amet consectetur adipisicing elit. Voluptatum expedita accusamus quidem, consequatur culpa amet dolor obcaecati provident incidunt explicabo iure, aut voluptate dicta architecto ratione enim officia? Aspernatur officia ea laborum quaerat commodi quae, sequi veritatis alias eligendi architecto saepe id impedit. Dignissimos fugit itaque id animi, incidunt dolorem!'}"
#elit,"{'NoOfUsers': 100, 'description': 'Lorem ipsum dolor sit amet consectetur adipisicing elit. Voluptatum expedita accusamus quidem, consequatur culpa amet dolor obcaecati provident incidunt explicabo iure, aut voluptate dicta architecto ratione enim officia? Aspernatur officia ea laborum quaerat commodi quae, sequi veritatis alias eligendi architecto saepe id impedit. Dignissimos fugit itaque id animi, incidunt dolorem!'}"
#Fuga,"{'NoOfUsers': 100, 'description': 'Lorem ipsum dolor sit amet consectetur adipisicing elit. Voluptatum expedita accusamus quidem, consequatur culpa amet dolor obcaecati provident incidunt explicabo iure, aut voluptate dicta architecto ratione enim officia? Aspernatur officia ea laborum quaerat commodi quae, sequi veritatis alias eligendi architecto saepe id impedit. Dignissimos fugit itaque id animi, incidunt dolorem!'}"
#tempora,"{'NoOfUsers': 100, 'description': 'Lorem ipsum dolor sit amet consectetur adipisicing elit. Voluptatum expedita accusamus quidem, consequatur culpa amet dolor obcaecati provident incidunt explicabo iure, aut voluptate dicta architecto ratione enim officia? Aspernatur officia ea laborum quaerat commodi quae, sequi veritatis alias eligendi architecto saepe id impedit. Dignissimos fugit itaque id animi, incidunt dolorem!'}"
#aliquam,"{'NoOfUsers': 100, 'description': 'Lorem ipsum dolor sit amet consectetur adipisicing elit. Voluptatum expedita accusamus quidem, consequatur culpa amet dolor obcaecati provident incidunt explicabo iure, aut voluptate dicta architecto ratione enim officia? Aspernatur officia ea laborum quaerat commodi quae, sequi veritatis alias eligendi architecto saepe id impedit. Dignissimos fugit itaque id animi, incidunt dolorem!'}"
#Molestias,"{'NoOfUsers': 100, 'description': 'Lorem ipsum dolor sit amet consectetur adipisicing elit. Voluptatum expedita accusamus quidem, consequatur culpa amet dolor obcaecati provident incidunt explicabo iure, aut voluptate dicta architecto ratione enim officia? Aspernatur officia ea laborum quaerat commodi quae, sequi veritatis alias eligendi architecto saepe id impedit. Dignissimos fugit itaque id animi, incidunt dolorem!'}"
#suscipit,"{'NoOfUsers': 100, 'description': 'Lorem ipsum dolor sit amet consectetur adipisicing elit. Voluptatum expedita accusamus quidem, consequatur culpa amet dolor obcaecati provident incidunt explicabo iure, aut voluptate dicta architecto ratione enim officia? Aspernatur officia ea laborum quaerat commodi quae, sequi veritatis alias eligendi architecto saepe id impedit. Dignissimos fugit itaque id animi, incidunt dolorem!'}"
#praesentium,"{'NoOfUsers': 100, 'description': 'Lorem ipsum dolor sit amet consectetur adipisicing elit. Voluptatum expedita accusamus quidem, consequatur culpa amet dolor obcaecati provident incidunt explicabo iure, aut voluptate dicta architecto ratione enim officia? Aspernatur officia ea laborum quaerat commodi quae, sequi veritatis alias eligendi architecto saepe id impedit. Dignissimos fugit itaque id animi, incidunt dolorem!'}"
#neque,"{'NoOfUsers': 100, 'description': 'Lorem ipsum dolor sit amet consectetur adipisicing elit. Voluptatum expedita accusamus quidem, consequatur culpa amet dolor obcaecati provident incidunt explicabo iure, aut voluptate dicta architecto ratione enim officia? Aspernatur officia ea laborum quaerat commodi quae, sequi veritatis alias eligendi architecto saepe id impedit. Dignissimos fugit itaque id animi, incidunt dolorem!'}"
#blanditiis,"{'NoOfUsers': 100, 'description': 'Lorem ipsum dolor sit amet consectetur adipisicing elit. Voluptatum expedita accusamus quidem, consequatur culpa amet dolor obcaecati provident incidunt explicabo iure, aut voluptate dicta architecto ratione enim officia? Aspernatur officia ea laborum quaerat commodi quae, sequi veritatis alias eligendi architecto saepe id impedit. Dignissimos fugit itaque id animi, incidunt dolorem!'}"
#expedita,"{'NoOfUsers': 100, 'description': 'Lorem ipsum dolor sit amet consectetur adipisicing elit. Voluptatum expedita accusamus quidem, consequatur culpa amet dolor obcaecati provident incidunt explicabo iure, aut voluptate dicta architecto ratione enim officia? Aspernatur officia ea laborum quaerat commodi quae, sequi veritatis alias eligendi architecto saepe id impedit. Dignissimos fugit itaque id animi, incidunt dolorem!'}"
#ratione,"{'NoOfUsers': 100, 'description': 'Lorem ipsum dolor sit amet consectetur adipisicing elit. Voluptatum expedita accusamus quidem, consequatur culpa amet dolor obcaecati provident incidunt explicabo iure, aut voluptate dicta architecto ratione enim officia? Aspernatur officia ea laborum quaerat commodi quae, sequi veritatis alias eligendi architecto saepe id impedit. Dignissimos fugit itaque id animi, incidunt dolorem!'}"
#quia,"{'NoOfUsers': 100, 'description': 'Lorem ipsum dolor sit amet consectetur adipisicing elit. Voluptatum expedita accusamus quidem, consequatur culpa amet dolor obcaecati provident incidunt explicabo iure, aut voluptate dicta architecto ratione enim officia? Aspernatur officia ea laborum quaerat commodi quae, sequi veritatis alias eligendi architecto saepe id impedit. Dignissimos fugit itaque id animi, incidunt dolorem!'}"
#minima,"{'NoOfUsers': 100, 'description': 'Lorem ipsum dolor sit amet consectetur adipisicing elit. Voluptatum expedita accusamus quidem, consequatur culpa amet dolor obcaecati provident incidunt explicabo iure, aut voluptate dicta architecto ratione enim officia? Aspernatur officia ea laborum quaerat commodi quae, sequi veritatis alias eligendi architecto saepe id impedit. Dignissimos fugit itaque id animi, incidunt dolorem!'}"
familyFriends,"{'NoOfUsers': 1, 'description': 'this is a family groud with all of shit.'}"
supermanfans,"{'NoOfUsers': 1, 'description': 'we are superman fans'}"
fashionBoys,"{'NoOfUsers': 1, 'description': ""we love fashion that's why we called fashion Boys""}"
Avengers,"{'NoOfUsers': 1, 'description': 'we are big fans of avengers '}"
#thorragnarok,"{'NoOfUsers': 1, 'description': 'thor is powerful'}"
#samosaGang,"{'NoOfUsers': 1, 'description': 'we eat samosas daily'}"
pizzaParty,"{'NoOfUsers': 1, 'description': ""free pizza's for everybody.""}"
Project suitecase,"{'NoOfUsers': 1, 'description': 'this is a new project we are working on with team.'}"
#Project zero,"{'NoOfUsers': 1, 'description': 'this is a project zero'}"
#TransformersFans,"{'NoOfUsers': 1, 'description': 'just doing some fun..... :) '}"
